event_id,sample_id,source_id,date_utc,lon,lat,group_id,fold,is_holdout,conc_items_km2
S2:MSM41_litter-T1,MPL-0197,S2_SARGASSO_MSM41,2015-04-01,-64.714325,32.232809,A-g00,0,False,20.32520325203252
S2:MSM41_litter-T2,MPL-0214,S2_SARGASSO_MSM41,2015-04-02,-67.935275,30.827925,A-g01,0,False,43.861572876003336
S2:MSM41_litter-T3,MPL-0209,S2_SARGASSO_MSM41,2015-04-02,-68.419933,30.634591,A-g01,0,False,20.74581193921477
S2:MSM41_litter-T4,MPL-0203,S2_SARGASSO_MSM41,2015-04-02,-68.913542,30.436175,A-g01,0,False,28.61230329041488
S2:MSM41_litter-T46,MPL-0389,S2_SARGASSO_MSM41,2015-04-19,-60.998959,26.212167,A-g17,0,False,93.09335934036706
S2:MSM41_litter-T47,MPL-0397,S2_SARGASSO_MSM41,2015-04-19,-61.001358,26.550025,A-g17,0,False,27.49770852428964
S2:MSM41_litter-T5,MPL-0200,S2_SARGASSO_MSM41,2015-04-02,-69.829333,30.068492,A-g01,0,False,15.53518719900575
S2:MSM41_litter-T6,MPL-0226,S2_SARGASSO_MSM41,2015-04-03,-69.880942,29.847233,A-g01,0,False,33.24468085106383
S2:MSM41_litter-T7,MPL-0220,S2_SARGASSO_MSM41,2015-04-03,-69.942583,29.4284,A-g01,0,False,37.88676068196169
S2:MSM41_litter-T8,MPL-0216,S2_SARGASSO_MSM41,2015-04-03,-69.993191,29.095284,A-g01,0,False,15.375941776433804
S2:MSM41_litter-T10,MPL-0229,S2_SARGASSO_MSM41,2015-04-04,-69.835292,27.447242,A-g02,1,False,16.74691228804689
S2:MSM41_litter-T13,MPL-0249,S2_SARGASSO_MSM41,2015-04-06,-69.977716,24.820067,A-g04,1,False,17.5284837861525
S2:MSM41_litter-T14,MPL-0246,S2_SARGASSO_MSM41,2015-04-06,-69.861,24.508533,A-g04,1,False,98.21115398105928
S2:MSM41_litter-T15,MPL-0241,S2_SARGASSO_MSM41,2015-04-06,-69.437308,24.381,A-g04,1,False,21.71646977067408
S2:MSM41_litter-T16,MPL-0237,S2_SARGASSO_MSM41,2015-04-06,-68.922984,24.22615,A-g04,1,False,8.637816360024186
S2:MSM41_litter-T48,MPL-0401,S2_SARGASSO_MSM41,2015-04-20,-61.000667,27.904742,A-g18,1,False,124.08414086504372
S2:MSM41_litter-T49,MPL-0409,S2_SARGASSO_MSM41,2015-04-20,-60.865483,28.179233,A-g18,1,False,69.56521739130434
S2:MSM41_litter-T50,MPL-0417,S2_SARGASSO_MSM41,2015-04-20,-60.945758,28.682917,A-g18,1,False,81.77617859917406
S2:MSM41_litter-T51,MPL-0421,S2_SARGASSO_MSM41,2015-04-21,-60.941008,30.016675,A-g19,1,False,12.908777969018931
S2:MSM41_litter-T52,MPL-0425,S2_SARGASSO_MSM41,2015-04-21,-60.972559,30.498241,A-g19,1,False,30.78817733990148
S2:MSM41_litter-T38,MPL-0361,S2_SARGASSO_MSM41,2015-04-15,-63.959259,23.766883,A-g13,2,False,9.827526902854895
S2:MSM41_litter-T53,MPL-0430,S2_SARGASSO_MSM41,2015-04-22,-59.816992,30.908859,A-g20,2,False,128.1722635221738
S2:MSM41_litter-T54,MPL-0443,S2_SARGASSO_MSM41,2015-04-22,-59.3956,30.931417,A-g20,2,False,98.6625739969305
S2:MSM41_litter-T55,MPL-0455,S2_SARGASSO_MSM41,2015-04-22,-59.019942,30.948067,A-g20,2,False,162.3279023627728
S2:MSM41_litter-T56,MPL-0460,S2_SARGASSO_MSM41,2015-04-22,-58.474867,30.974725,A-g20,2,False,124.18503570319776
S2:MSM41_litter-T57,MPL-0484,S2_SARGASSO_MSM41,2015-04-23,-58.121583,29.777392,A-g21,2,False,135.53474618038442
S2:MSM41_litter-T58,MPL-0472,S2_SARGASSO_MSM41,2015-04-23,-58.026608,29.141217,A-g21,2,False,222.69911325262177
S2:MSM41_litter-T63,MPL-0523,S2_SARGASSO_MSM41,2015-04-26,-58.079925,23.77935,A-g24,2,False,36.092396535129936
S2:MSM41_litter-T64,MPL-0518,S2_SARGASSO_MSM41,2015-04-26,-58.043683,23.408234,A-g24,2,False,61.58773172384062
S2:MSM41_litter-T65,MPL-0513,S2_SARGASSO_MSM41,2015-04-26,-58.011775,23.101966,A-g24,2,False,42.93161606869059
S2:MSM41_litter-T11,MPL-0235,S2_SARGASSO_MSM41,2015-04-05,-70.001758,26.059658,A-g03,3,False,19.33301111648139
S2:MSM41_litter-T12,MPL-0233,S2_SARGASSO_MSM41,2015-04-05,-69.949392,25.890125,A-g03,3,False,21.81262951248773
S2:MSM41_litter-T19,MPL-0264,S2_SARGASSO_MSM41,2015-04-08,-66.907584,25.320633,A-g06,3,False,12.91266732664744
S2:MSM41_litter-T20,MPL-0267,S2_SARGASSO_MSM41,2015-04-08,-66.96495,25.718666,A-g06,3,False,30.72870939420544
S2:MSM41_litter-T21,MPL-0271,S2_SARGASSO_MSM41,2015-04-08,-66.939225,26.122325,A-g06,3,False,33.03055326176713
S2:MSM41_litter-T27,MPL-0309,S2_SARGASSO_MSM41,2015-04-11,-66.595009,30.997183,A-g09,3,False,61.06870229007633
S2:MSM41_litter-T28,MPL-0320,S2_SARGASSO_MSM41,2015-04-11,-65.979391,30.997284,A-g09,3,False,54.660892233948616
S2:MSM41_litter-T29,MPL-0311,S2_SARGASSO_MSM41,2015-04-11,-64.883,30.997183,A-g09,3,False,60.21246398004387
S2:MSM41_litter-T59,MPL-0499,S2_SARGASSO_MSM41,2015-04-24,-58.141791,27.844375,A-g22,3,False,81.60600620205648
S2:MSM41_litter-T60,MPL-0494,S2_SARGASSO_MSM41,2015-04-24,-58.072358,27.39835,A-g22,3,False,100.69648401443315
S2:MSM41_litter-T22,MPL-0277,S2_SARGASSO_MSM41,2015-04-09,-66.977675,27.715733,A-g07,4,False,41.66666666666667
S2:MSM41_litter-T23,MPL-0283,S2_SARGASSO_MSM41,2015-04-09,-66.920958,28.200058,A-g07,4,False,73.4963864276673
S2:MSM41_litter-T24,MPL-0289,S2_SARGASSO_MSM41,2015-04-09,-66.986041,28.813958,A-g07,4,False,97.87234042553192
S2:MSM41_litter-T33,MPL-0351,S2_SARGASSO_MSM41,2015-04-13,-63.923333,27.730984,A-g11,4,False,22.369362920544024
S2:MSM41_litter-T34,MPL-0346,S2_SARGASSO_MSM41,2015-04-13,-63.976334,27.259541,A-g11,4,False,65.54511688879178
S2:MSM41_litter-T43,MPL-0378,S2_SARGASSO_MSM41,2015-04-18,-60.9819,23.794441,A-g16,4,False,18.909847302983028
S2:MSM41_litter-T44,MPL-0382,S2_SARGASSO_MSM41,2015-04-18,-60.98995,24.233258,A-g16,4,False,27.7623542476402
S2:MSM41_litter-T45,MPL-0385,S2_SARGASSO_MSM41,2015-04-18,-60.984025,24.643975,A-g16,4,False,13.460761879122357
S2:MSM41_litter-T61,MPL-0507,S2_SARGASSO_MSM41,2015-04-25,-58.078383,25.825333,A-g23,4,False,95.34127843986998
S2:MSM41_litter-T62,MPL-0504,S2_SARGASSO_MSM41,2015-04-25,-58.039733,25.412333,A-g23,4,False,16.78486005622928
S2:MSM41_litter-T17,MPL-0254,S2_SARGASSO_MSM41,2015-04-07,-67.0049,23.631092,A-g05,-1,True,30.642619506216075
S2:MSM41_litter-T18,MPL-0260,S2_SARGASSO_MSM41,2015-04-07,-66.964783,24.171909,A-g05,-1,True,63.63636363636363
S2:MSM41_litter-T25,MPL-0297,S2_SARGASSO_MSM41,2015-04-10,-66.914183,30.345483,A-g08,-1,True,91.82353186693936
S2:MSM41_litter-T26,MPL-0302,S2_SARGASSO_MSM41,2015-04-10,-66.995858,30.926767,A-g08,-1,True,32.693093583980385
S2:MSM41_litter-T30,MPL-0342,S2_SARGASSO_MSM41,2015-04-12,-64.074683,30.562475,A-g10,-1,True,22.797738464344334
S2:MSM41_litter-T31,MPL-0336,S2_SARGASSO_MSM41,2015-04-12,-64.0276,30.177558,A-g10,-1,True,77.09750566893425
S2:MSM41_litter-T32,MPL-0329,S2_SARGASSO_MSM41,2015-04-12,-64.056933,29.8256,A-g10,-1,True,69.0786633278646
S2:MSM41_litter-T35,MPL-0358,S2_SARGASSO_MSM41,2015-04-14,-63.881492,25.851208,A-g12,-1,True,50.0
S2:MSM41_litter-T37,MPL-0354,S2_SARGASSO_MSM41,2015-04-14,-63.981233,25.165816,A-g12,-1,True,4.339524388127061
S2:MSM41_litter-T39,MPL-0367,S2_SARGASSO_MSM41,2015-04-16,-63.977467,22.9506,A-g14,-1,True,17.23246596587972
S2:MSM41_litter-T40,MPL-0364,S2_SARGASSO_MSM41,2015-04-16,-63.919325,22.869767,A-g14,-1,True,11.76470588235294
S2:MSM41_litter-T41,MPL-0371,S2_SARGASSO_MSM41,2015-04-17,-60.9221,22.574592,A-g15,-1,True,75.74036203893054
S2:MSM41_litter-T42,MPL-0375,S2_SARGASSO_MSM41,2015-04-17,-60.966867,22.803591,A-g15,-1,True,22.79288861875095
