event_a,event_b,link
S2:MSM41_litter-T11,S2:MSM41_litter-T12,same_day
S2:MSM41_litter-T13,S2:MSM41_litter-T14,same_day
S2:MSM41_litter-T13,S2:MSM41_litter-T15,same_day
S2:MSM41_litter-T13,S2:MSM41_litter-T16,same_day
S2:MSM41_litter-T14,S2:MSM41_litter-T15,same_day
S2:MSM41_litter-T14,S2:MSM41_litter-T16,same_day
S2:MSM41_litter-T15,S2:MSM41_litter-T16,same_day
S2:MSM41_litter-T17,S2:MSM41_litter-T18,same_day
S2:MSM41_litter-T19,S2:MSM41_litter-T20,same_day
S2:MSM41_litter-T19,S2:MSM41_litter-T21,same_day
S2:MSM41_litter-T2,S2:MSM41_litter-T3,same_day
S2:MSM41_litter-T2,S2:MSM41_litter-T4,same_day
S2:MSM41_litter-T2,S2:MSM41_litter-T5,same_day
S2:MSM41_litter-T20,S2:MSM41_litter-T21,same_day
S2:MSM41_litter-T22,S2:MSM41_litter-T23,same_day
S2:MSM41_litter-T22,S2:MSM41_litter-T24,same_day
S2:MSM41_litter-T23,S2:MSM41_litter-T24,same_day
S2:MSM41_litter-T25,S2:MSM41_litter-T26,same_day
S2:MSM41_litter-T27,S2:MSM41_litter-T28,same_day
S2:MSM41_litter-T27,S2:MSM41_litter-T29,same_day
S2:MSM41_litter-T28,S2:MSM41_litter-T29,same_day
S2:MSM41_litter-T3,S2:MSM41_litter-T4,same_day
S2:MSM41_litter-T3,S2:MSM41_litter-T5,same_day
S2:MSM41_litter-T30,S2:MSM41_litter-T31,same_day
S2:MSM41_litter-T30,S2:MSM41_litter-T32,same_day
S2:MSM41_litter-T31,S2:MSM41_litter-T32,same_day
S2:MSM41_litter-T33,S2:MSM41_litter-T34,same_day
S2:MSM41_litter-T35,S2:MSM41_litter-T37,same_day
S2:MSM41_litter-T39,S2:MSM41_litter-T40,same_day
S2:MSM41_litter-T4,S2:MSM41_litter-T5,same_day
S2:MSM41_litter-T41,S2:MSM41_litter-T42,same_day
S2:MSM41_litter-T43,S2:MSM41_litter-T44,same_day
S2:MSM41_litter-T43,S2:MSM41_litter-T45,same_day
S2:MSM41_litter-T44,S2:MSM41_litter-T45,same_day
S2:MSM41_litter-T46,S2:MSM41_litter-T47,same_day
S2:MSM41_litter-T48,S2:MSM41_litter-T49,same_day
S2:MSM41_litter-T48,S2:MSM41_litter-T50,same_day
S2:MSM41_litter-T49,S2:MSM41_litter-T50,same_day
S2:MSM41_litter-T5,S2:MSM41_litter-T6,near
S2:MSM41_litter-T51,S2:MSM41_litter-T52,same_day
S2:MSM41_litter-T53,S2:MSM41_litter-T54,same_day
S2:MSM41_litter-T53,S2:MSM41_litter-T55,same_day
S2:MSM41_litter-T53,S2:MSM41_litter-T56,same_day
S2:MSM41_litter-T54,S2:MSM41_litter-T55,same_day
S2:MSM41_litter-T54,S2:MSM41_litter-T56,same_day
S2:MSM41_litter-T55,S2:MSM41_litter-T56,same_day
S2:MSM41_litter-T57,S2:MSM41_litter-T58,same_day
S2:MSM41_litter-T59,S2:MSM41_litter-T60,same_day
S2:MSM41_litter-T6,S2:MSM41_litter-T7,same_day
S2:MSM41_litter-T6,S2:MSM41_litter-T8,same_day
S2:MSM41_litter-T61,S2:MSM41_litter-T62,same_day
S2:MSM41_litter-T63,S2:MSM41_litter-T64,same_day
S2:MSM41_litter-T63,S2:MSM41_litter-T65,same_day
S2:MSM41_litter-T64,S2:MSM41_litter-T65,same_day
S2:MSM41_litter-T7,S2:MSM41_litter-T8,same_day
