pair_id,event_id,scene_id,valid_px,det_px,det_frac,det_per_km2,n_zones,p95,fdi_anom_mean,cover_m2_km2
S4:DOORS3:T1__S2A_MSIL2A_20240602T084601_R107_T35TQJ_20240602T141353,S4:DOORS3:T1,S2A_MSIL2A_20240602T084601_R107_T35TQJ_20240602T141353,2009892,0,0.0,0.0,0,0.0,2.9979588362039067e-05,0.0
S4:DOORS3:T18__S2B_MSIL2A_20240605T080609_R078_T37TFG_20240605T113032,S4:DOORS3:T18,S2B_MSIL2A_20240605T080609_R078_T37TFG_20240605T113032,2009540,0,0.0,0.0,0,0.0,1.0147807643079432e-06,0.0
S4:DOORS3:T19__S2B_MSIL2A_20240605T080609_R078_T37TFG_20240605T113032,S4:DOORS3:T19,S2B_MSIL2A_20240605T080609_R078_T37TFG_20240605T113032,2008657,1,4.978450775816877e-07,0.004978450775816877,1,0.0,5.70612792216707e-05,0.02205283398856147
S4:DOORS3:T2__S2A_MSIL2A_20240602T084601_R107_T35TQJ_20240602T141353,S4:DOORS3:T2,S2A_MSIL2A_20240602T084601_R107_T35TQJ_20240602T141353,2009903,1,4.975364482763596e-07,0.004975364482763596,1,0.0,3.345698496559635e-05,0.1677248274419699
S4:DOORS3:T20__S2A_MSIL2A_20240607T075611_R035_T38TKM_20240607T111455,S4:DOORS3:T20,S2A_MSIL2A_20240607T075611_R035_T38TKM_20240607T111455,1527168,551,0.0003607985499958092,3.607985499958092,182,0.008098733611404896,0.010518468916416168,39.7454750087253
S4:DOORS3:T21__S2A_MSIL2A_20240607T075611_R035_T38TKM_20240607T111455,S4:DOORS3:T21,S2A_MSIL2A_20240607T075611_R035_T38TKM_20240607T111455,1074844,738,0.0006866112663791211,6.86611266379121,216,0.005683019757270813,0.011638086289167404,88.99610882486202
S4:DOORS3:T30__S2B_MSIL2A_20240617T084559_R107_T36TUN_20240617T132026,S4:DOORS3:T30,S2B_MSIL2A_20240617T084559_R107_T36TUN_20240617T132026,2009809,0,0.0,0.0,0,0.0,0.0001494378229836002,0.0
S4:DOORS3:T31__S2B_MSIL2A_20240617T084559_R107_T36TUN_20240617T132026,S4:DOORS3:T31,S2B_MSIL2A_20240617T084559_R107_T36TUN_20240617T132026,2009500,1,4.976362279173924e-07,0.004976362279173923,1,0.0,8.563942537875846e-05,0.038071091598051346
S4:DOORS3:T32__S2B_MSIL2A_20240617T084559_R107_T36TUN_20240617T132026,S4:DOORS3:T32,S2B_MSIL2A_20240617T084559_R107_T36TUN_20240617T132026,2009854,0,0.0,0.0,0,0.0,0.00015643371443729848,0.0
